{"cameraMode":{"drawMode":0,"name":"Shaded","section":"Shading Mode"},"sceneLighting":true,"audioPlay":false,"sceneViewState":{"m_AlwaysRefresh":false,"showFog":true,"showSkybox":true,"showFlares":true,"showImageEffects":true,"showParticleSystems":true,"showVisualEffectGraphs":true,"m_FxEnabled":true},"in2DMode":false,"pivot":{"x":343.8697814941406,"y":107.43023681640625,"z":169.46096801757813},"rotation":{"x":-0.10213139653205872,"y":-0.0008981451392173767,"z":0.00009265565313398838,"w":-0.9947726726531982},"size":434.80023193359377,"orthographic":false}